numFeaturesReference,numFeaturesTest,width,height,distance,phi,theta,num,rvecs[0],rvecs[1],rvecs[2],tvecs[0],tvecs[1],tvecs[2]
5000,5000,3024,4032,100,0,0,1,-1.3397423017196608,-0.95236368819683015,-1.7952788887812439,0.15566241537291095,0.21398948015430999,117.46052530341812
